{"nodes": [{"id": "r93950x", "group": 1}, {"id": "amd3700x", "group": 1}, {"id": "a89600", "group": 1}, {"id": "athlon", "group": 1}, {"id": "3000g", "group": 1}, {"id": "3200g", "group": 1}, {"id": "3400g", "group": 1}, {"id": "3100", "group": 1}, {"id": "3300x", "group": 1}, {"id": "3500x", "group": 1}, {"id": "3600", "group": 1}, {"id": "3600x", "group": 1}, {"id": "3700x", "group": 1}, {"id": "73800x", "group": 1}, {"id": "3900x", "group": 1}, {"id": "3900", "group": 1}, {"id": "tr3960x", "group": 1}, {"id": "tr3970x", "group": 1}, {"id": "tr3990x", "group": 1}, {"id": "10400", "group": 1}, {"id": "10700k", "group": 1}, {"id": "10900k", "group": 1}, {"id": "9100f", "group": 1}, {"id": "9100", "group": 1}, {"id": "9400f", "group": 1}, {"id": "9400", "group": 1}, {"id": "9500", "group": 1}, {"id": "9600kf", "group": 1}, {"id": "9600k", "group": 1}, {"id": "9700f", "group": 1}, {"id": "9700", "group": 1}, {"id": "9700kf", "group": 1}, {"id": "9700k", "group": 1}, {"id": "9900kf", "group": 1}, {"id": "3500", "group": 1}, {"id": "2200g", "group": 1}, {"id": "8400", "group": 1}, {"id": "9900k", "group": 1}, {"id": "g4930", "group": 1}, {"id": "g5400", "group": 1}, {"id": "i38100", "group": 1}, {"id": "i38350k", "group": 1}, {"id": "i58500", "group": 1}, {"id": "e52620", "group": 1}, {"id": "i57640x", "group": 1}, {"id": "i79800x", "group": 1}, {"id": "i99900x", "group": 1}, {"id": "i99920x", "group": 1}, {"id": "i910920x", "group": 1}, {"id": "i910940x", "group": 1}, {"id": "w3175x", "group": 1}, {"id": "b85g43", "group": 1}, {"id": "b150m", "group": 1}, {"id": "c6h", "group": 1}, {"id": "z370m", "group": 1}, {"id": "tuf450", "group": 1}, {"id": "maximusxihero", "group": 1}, {"id": "hairvihero", "group": 1}, {"id": "jetson", "group": 1}, {"id": "c246", "group": 1}, {"id": "x299", "group": 1}, {"id": "c621", "group": 1}, {"id": "h110", "group": 1}, {"id": "h310", "group": 1}, {"id": "b360", "group": 1}, {"id": "b365", "group": 1}, {"id": "h370", "group": 1}, {"id": "z390", "group": 1}, {"id": "z490", "group": 1}, {"id": "h61", "group": 1}, {"id": "b75m", "group": 1}, {"id": "h81m", "group": 1}, {"id": "b85m", "group": 1}, {"id": "a320m", "group": 1}, {"id": "b350m", "group": 1}, {"id": "b350", "group": 1}, {"id": "b450", "group": 1}, {"id": "x470", "group": 1}, {"id": "x570", "group": 1}, {"id": "x399", "group": 1}, {"id": "trx40", "group": 1}, {"id": "2400", "group": 1}, {"id": "2666", "group": 1}, {"id": "3000", "group": 1}, {"id": "3200", "group": 1}, {"id": "3600", "group": 1}, {"id": "3466", "group": 1}, {"id": "4000", "group": 1}, {"id": "1333", "group": 1}, {"id": "1600", "group": 1}, {"id": "內顯", "group": 1}, {"id": "沿用", "group": 1}, {"id": "p620", "group": 1}, {"id": "560", "group": 1}, {"id": "p2000", "group": 1}, {"id": "1060", "group": 1}, {"id": "710", "group": 1}, {"id": "730", "group": 1}, {"id": "1030", "group": 1}, {"id": "1050ti", "group": 1}, {"id": "1650s", "group": 1}, {"id": "1650", "group": 1}, {"id": "1660s", "group": 1}, {"id": "1660ti", "group": 1}, {"id": "1660", "group": 1}, {"id": "2060s", "group": 1}, {"id": "2060", "group": 1}, {"id": "2070s", "group": 1}, {"id": "2070", "group": 1}, {"id": "2080s", "group": 1}, {"id": "2080ti", "group": 1}, {"id": "2080", "group": 1}, {"id": "5700xt", "group": 1}, {"id": "5700", "group": 1}, {"id": "570", "group": 1}, {"id": "580", "group": 1}, {"id": "5500", "group": 1}, {"id": "5600", "group": 1}, {"id": "300", "group": 1}, {"id": "350", "group": 1}, {"id": "400", "group": 1}, {"id": "450", "group": 1}, {"id": "500", "group": 1}, {"id": "550", "group": 1}, {"id": "600", "group": 1}, {"id": "650", "group": 1}, {"id": "700", "group": 1}, {"id": "750", "group": 1}, {"id": "800", "group": 1}, {"id": "850", "group": 1}, {"id": "900", "group": 1}, {"id": "950", "group": 1}, {"id": "1000", "group": 1}, {"id": "1200", "group": 1}, {"id": "1300", "group": 1}, {"id": "2000", "group": 1}, {"id": "1050", "group": 1}, {"id": "none", "group": 1}], "links": [{"source": "3700x", "target": "x570", "value": 30}, {"source": "3700x", "target": "none", "value": 2}, {"source": "3700x", "target": "1660ti", "value": 1}, {"source": "3700x", "target": "500", "value": 6}, {"source": "x570", "target": "none", "value": 5}, {"source": "x570", "target": "1660ti", "value": 1}, {"source": "x570", "target": "500", "value": 9}, {"source": "none", "target": "1660ti", "value": 1}, {"source": "none", "target": "500", "value": 2}, {"source": "1660ti", "target": "500", "value": 1}, {"source": "3600", "target": "b450", "value": 13}, {"source": "3600", "target": "3200", "value": 18}, {"source": "3600", "target": "2070s", "value": 20}, {"source": "3600", "target": "450", "value": 8}, {"source": "b450", "target": "3200", "value": 13}, {"source": "b450", "target": "2070s", "value": 9}, {"source": "b450", "target": "450", "value": 9}, {"source": "3200", "target": "2070s", "value": 32}, {"source": "3200", "target": "450", "value": 9}, {"source": "2070s", "target": "450", "value": 6}, {"source": "9700f", "target": "z390", "value": 2}, {"source": "9700f", "target": "3200", "value": 1}, {"source": "9700f", "target": "2070s", "value": 2}, {"source": "9700f", "target": "600", "value": 1}, {"source": "z390", "target": "3200", "value": 2}, {"source": "z390", "target": "2070s", "value": 2}, {"source": "z390", "target": "600", "value": 1}, {"source": "3200", "target": "2070s", "value": 32}, {"source": "3200", "target": "600", "value": 1}, {"source": "2070s", "target": "600", "value": 2}, {"source": "3600", "target": "x570", "value": 9}, {"source": "3600", "target": "none", "value": 6}, {"source": "3600", "target": "2070s", "value": 20}, {"source": "3600", "target": "750", "value": 2}, {"source": "x570", "target": "none", "value": 5}, {"source": "x570", "target": "2070s", "value": 21}, {"source": "x570", "target": "750", "value": 4}, {"source": "none", "target": "2070s", "value": 7}, {"source": "none", "target": "750", "value": 3}, {"source": "2070s", "target": "750", "value": 5}, {"source": "9900k", "target": "maximusxihero", "value": 1}, {"source": "9900k", "target": "3200", "value": 2}, {"source": "9900k", "target": "1650", "value": 1}, {"source": "9900k", "target": "300", "value": 1}, {"source": "maximusxihero", "target": "3200", "value": 1}, {"source": "maximusxihero", "target": "1650", "value": 1}, {"source": "maximusxihero", "target": "300", "value": 1}, {"source": "3200", "target": "1650", "value": 1}, {"source": "3200", "target": "300", "value": 20}, {"source": "1650", "target": "300", "value": 1}, {"source": "3700x", "target": "x570", "value": 30}, {"source": "3700x", "target": "3200", "value": 27}, {"source": "3700x", "target": "2070s", "value": 15}, {"source": "3700x", "target": "300", "value": 14}, {"source": "x570", "target": "3200", "value": 35}, {"source": "x570", "target": "2070s", "value": 21}, {"source": "x570", "target": "300", "value": 15}, {"source": "3200", "target": "2070s", "value": 32}, {"source": "3200", "target": "300", "value": 20}, {"source": "2070s", "target": "300", "value": 14}, {"source": "9700f", "target": "b360", "value": 2}, {"source": "9700f", "target": "2666", "value": 3}, {"source": "9700f", "target": "2070s", "value": 2}, {"source": "9700f", "target": "500", "value": 3}, {"source": "b360", "target": "2666", "value": 3}, {"source": "b360", "target": "2070s", "value": 1}, {"source": "b360", "target": "500", "value": 3}, {"source": "2666", "target": "2070s", "value": 3}, {"source": "2666", "target": "500", "value": 7}, {"source": "2070s", "target": "500", "value": 4}, {"source": "3600", "target": "b450", "value": 13}, {"source": "3600", "target": "3200", "value": 18}, {"source": "3600", "target": "580", "value": 1}, {"source": "3600", "target": "300", "value": 11}, {"source": "b450", "target": "3200", "value": 13}, {"source": "b450", "target": "580", "value": 1}, {"source": "b450", "target": "300", "value": 4}, {"source": "3200", "target": "580", "value": 1}, {"source": "3200", "target": "300", "value": 20}, {"source": "580", "target": "300", "value": 1}, {"source": "3600", "target": "x570", "value": 9}, {"source": "3600", "target": "3200", "value": 18}, {"source": "3600", "target": "2070s", "value": 20}, {"source": "3600", "target": "400", "value": 4}, {"source": "x570", "target": "3200", "value": 35}, {"source": "x570", "target": "2070s", "value": 21}, {"source": "x570", "target": "400", "value": 5}, {"source": "3200", "target": "2070s", "value": 32}, {"source": "3200", "target": "400", "value": 3}, {"source": "2070s", "target": "400", "value": 2}, {"source": "3600", "target": "x570", "value": 9}, {"source": "3600", "target": "3200", "value": 18}, {"source": "3600", "target": "none", "value": 6}, {"source": "3600", "target": "500", "value": 3}, {"source": "x570", "target": "3200", "value": 35}, {"source": "x570", "target": "none", "value": 5}, {"source": "x570", "target": "500", "value": 9}, {"source": "3200", "target": "none", "value": 1}, {"source": "3200", "target": "500", "value": 10}, {"source": "none", "target": "500", "value": 2}, {"source": "3700x", "target": "x570", "value": 30}, {"source": "3700x", "target": "3200", "value": 27}, {"source": "3700x", "target": "2070s", "value": 15}, {"source": "3700x", "target": "300", "value": 14}, {"source": "x570", "target": "3200", "value": 35}, {"source": "x570", "target": "2070s", "value": 21}, {"source": "x570", "target": "300", "value": 15}, {"source": "3200", "target": "2070s", "value": 32}, {"source": "3200", "target": "300", "value": 20}, {"source": "2070s", "target": "300", "value": 14}, {"source": "3700x", "target": "x570", "value": 30}, {"source": "3700x", "target": "3200", "value": 27}, {"source": "3700x", "target": "5500", "value": 1}, {"source": "3700x", "target": "300", "value": 14}, {"source": "x570", "target": "3200", "value": 35}, {"source": "x570", "target": "5500", "value": 1}, {"source": "x570", "target": "300", "value": 15}, {"source": "3200", "target": "5500", "value": 1}, {"source": "3200", "target": "300", "value": 20}, {"source": "5500", "target": "300", "value": 1}, {"source": "3600", "target": "b450", "value": 13}, {"source": "3600", "target": "3200", "value": 18}, {"source": "3600", "target": "2070s", "value": 20}, {"source": "3600", "target": "300", "value": 11}, {"source": "b450", "target": "3200", "value": 13}, {"source": "b450", "target": "2070s", "value": 9}, {"source": "b450", "target": "300", "value": 4}, {"source": "3200", "target": "2070s", "value": 32}, {"source": "3200", "target": "300", "value": 20}, {"source": "2070s", "target": "300", "value": 14}, {"source": "3900x", "target": "x570", "value": 5}, {"source": "3900x", "target": "3200", "value": 4}, {"source": "3900x", "target": "5700xt", "value": 2}, {"source": "3900x", "target": "500", "value": 2}, {"source": "x570", "target": "3200", "value": 35}, {"source": "x570", "target": "5700xt", "value": 2}, {"source": "x570", "target": "500", "value": 9}, {"source": "3200", "target": "5700xt", "value": 2}, {"source": "3200", "target": "500", "value": 10}, {"source": "5700xt", "target": "500", "value": 1}, {"source": "3700x", "target": "x570", "value": 30}, {"source": "3700x", "target": "3200", "value": 27}, {"source": "3700x", "target": "2070s", "value": 15}, {"source": "3700x", "target": "300", "value": 14}, {"source": "x570", "target": "3200", "value": 35}, {"source": "x570", "target": "2070s", "value": 21}, {"source": "x570", "target": "300", "value": 15}, {"source": "3200", "target": "2070s", "value": 32}, {"source": "3200", "target": "300", "value": 20}, {"source": "2070s", "target": "300", "value": 14}, {"source": "9900k", "target": "b365", "value": 1}, {"source": "9900k", "target": "3200", "value": 2}, {"source": "9900k", "target": "2060", "value": 1}, {"source": "9900k", "target": "500", "value": 1}, {"source": "b365", "target": "3200", "value": 1}, {"source": "b365", "target": "2060", "value": 2}, {"source": "b365", "target": "500", "value": 1}, {"source": "3200", "target": "2060", "value": 4}, {"source": "3200", "target": "500", "value": 10}, {"source": "2060", "target": "500", "value": 3}, {"source": "9400f", "target": "b365", "value": 1}, {"source": "9400f", "target": "2666", "value": 1}, {"source": "9400f", "target": "2060", "value": 1}, {"source": "9400f", "target": "400", "value": 1}, {"source": "b365", "target": "2666", "value": 1}, {"source": "b365", "target": "2060", "value": 2}, {"source": "b365", "target": "400", "value": 1}, {"source": "2666", "target": "2060", "value": 3}, {"source": "2666", "target": "400", "value": 3}, {"source": "2060", "target": "400", "value": 2}, {"source": "3700x", "target": "x570", "value": 30}, {"source": "3700x", "target": "3200", "value": 27}, {"source": "3700x", "target": "1660s", "value": 4}, {"source": "3700x", "target": "500", "value": 6}, {"source": "x570", "target": "3200", "value": 35}, {"source": "x570", "target": "1660s", "value": 4}, {"source": "x570", "target": "500", "value": 9}, {"source": "3200", "target": "1660s", "value": 6}, {"source": "3200", "target": "500", "value": 10}, {"source": "1660s", "target": "500", "value": 3}, {"source": "3700x", "target": "x570", "value": 30}, {"source": "3700x", "target": "3200", "value": 27}, {"source": "3700x", "target": "沿用", "value": 3}, {"source": "3700x", "target": "650", "value": 5}, {"source": "x570", "target": "3200", "value": 35}, {"source": "x570", "target": "沿用", "value": 4}, {"source": "x570", "target": "650", "value": 6}, {"source": "3200", "target": "沿用", "value": 2}, {"source": "3200", "target": "650", "value": 6}, {"source": "沿用", "target": "650", "value": 1}, {"source": "3600", "target": "b450", "value": 13}, {"source": "3600", "target": "3200", "value": 18}, {"source": "3600", "target": "2070s", "value": 20}, {"source": "3600", "target": "450", "value": 8}, {"source": "b450", "target": "3200", "value": 13}, {"source": "b450", "target": "2070s", "value": 9}, {"source": "b450", "target": "450", "value": 9}, {"source": "3200", "target": "2070s", "value": 32}, {"source": "3200", "target": "450", "value": 9}, {"source": "2070s", "target": "450", "value": 6}, {"source": "3600", "target": "x570", "value": 9}, {"source": "3600", "target": "3200", "value": 18}, {"source": "3600", "target": "2070", "value": 1}, {"source": "3600", "target": "450", "value": 8}, {"source": "x570", "target": "3200", "value": 35}, {"source": "x570", "target": "2070", "value": 3}, {"source": "x570", "target": "450", "value": 1}, {"source": "3200", "target": "2070", "value": 3}, {"source": "3200", "target": "450", "value": 9}, {"source": "2070", "target": "450", "value": 1}, {"source": "3700x", "target": "x570", "value": 30}, {"source": "3700x", "target": "3200", "value": 27}, {"source": "3700x", "target": "2070s", "value": 15}, {"source": "3700x", "target": "650", "value": 5}, {"source": "x570", "target": "3200", "value": 35}, {"source": "x570", "target": "2070s", "value": 21}, {"source": "x570", "target": "650", "value": 6}, {"source": "3200", "target": "2070s", "value": 32}, {"source": "3200", "target": "650", "value": 6}, {"source": "2070s", "target": "650", "value": 5}, {"source": "3700x", "target": "x570", "value": 30}, {"source": "3700x", "target": "3200", "value": 27}, {"source": "3700x", "target": "2070s", "value": 15}, {"source": "3700x", "target": "650", "value": 5}, {"source": "x570", "target": "3200", "value": 35}, {"source": "x570", "target": "2070s", "value": 21}, {"source": "x570", "target": "650", "value": 6}, {"source": "3200", "target": "2070s", "value": 32}, {"source": "3200", "target": "650", "value": 6}, {"source": "2070s", "target": "650", "value": 5}, {"source": "3900x", "target": "x570", "value": 5}, {"source": "3900x", "target": "3200", "value": 4}, {"source": "3900x", "target": "2080", "value": 1}, {"source": "3900x", "target": "750", "value": 1}, {"source": "x570", "target": "3200", "value": 35}, {"source": "x570", "target": "2080", "value": 1}, {"source": "x570", "target": "750", "value": 4}, {"source": "3200", "target": "2080", "value": 1}, {"source": "3200", "target": "750", "value": 4}, {"source": "2080", "target": "750", "value": 1}, {"source": "3700x", "target": "x570", "value": 30}, {"source": "3700x", "target": "3200", "value": 27}, {"source": "3700x", "target": "1660", "value": 3}, {"source": "3700x", "target": "650", "value": 5}, {"source": "x570", "target": "3200", "value": 35}, {"source": "x570", "target": "1660", "value": 3}, {"source": "x570", "target": "650", "value": 6}, {"source": "3200", "target": "1660", "value": 3}, {"source": "3200", "target": "650", "value": 6}, {"source": "1660", "target": "650", "value": 1}, {"source": "3700x", "target": "x570", "value": 30}, {"source": "3700x", "target": "3200", "value": 27}, {"source": "3700x", "target": "2070s", "value": 15}, {"source": "3700x", "target": "300", "value": 14}, {"source": "x570", "target": "3200", "value": 35}, {"source": "x570", "target": "2070s", "value": 21}, {"source": "x570", "target": "300", "value": 15}, {"source": "3200", "target": "2070s", "value": 32}, {"source": "3200", "target": "300", "value": 20}, {"source": "2070s", "target": "300", "value": 14}, {"source": "3600", "target": "b450", "value": 13}, {"source": "3600", "target": "3200", "value": 18}, {"source": "3600", "target": "2070s", "value": 20}, {"source": "3600", "target": "450", "value": 8}, {"source": "b450", "target": "3200", "value": 13}, {"source": "b450", "target": "2070s", "value": 9}, {"source": "b450", "target": "450", "value": 9}, {"source": "3200", "target": "2070s", "value": 32}, {"source": "3200", "target": "450", "value": 9}, {"source": "2070s", "target": "450", "value": 6}, {"source": "3700x", "target": "hairvihero", "value": 1}, {"source": "3700x", "target": "3200", "value": 27}, {"source": "3700x", "target": "2070s", "value": 15}, {"source": "3700x", "target": "500", "value": 6}, {"source": "hairvihero", "target": "3200", "value": 5}, {"source": "hairvihero", "target": "2070s", "value": 4}, {"source": "hairvihero", "target": "500", "value": 4}, {"source": "3200", "target": "2070s", "value": 32}, {"source": "3200", "target": "500", "value": 10}, {"source": "2070s", "target": "500", "value": 4}, {"source": "3700x", "target": "x570", "value": 30}, {"source": "3700x", "target": "3200", "value": 27}, {"source": "3700x", "target": "2070", "value": 2}, {"source": "3700x", "target": "300", "value": 14}, {"source": "x570", "target": "3200", "value": 35}, {"source": "x570", "target": "2070", "value": 3}, {"source": "x570", "target": "300", "value": 15}, {"source": "3200", "target": "2070", "value": 3}, {"source": "3200", "target": "300", "value": 20}, {"source": "2070", "target": "300", "value": 1}, {"source": "3600", "target": "hairvihero", "value": 4}, {"source": "3600", "target": "3200", "value": 18}, {"source": "3600", "target": "2070s", "value": 20}, {"source": "3600", "target": "300", "value": 11}, {"source": "hairvihero", "target": "3200", "value": 5}, {"source": "hairvihero", "target": "2070s", "value": 4}, {"source": "hairvihero", "target": "300", "value": 2}, {"source": "3200", "target": "2070s", "value": 32}, {"source": "3200", "target": "300", "value": 20}, {"source": "2070s", "target": "300", "value": 14}, {"source": "3700x", "target": "x570", "value": 30}, {"source": "3700x", "target": "3200", "value": 27}, {"source": "3700x", "target": "2070s", "value": 15}, {"source": "3700x", "target": "300", "value": 14}, {"source": "x570", "target": "3200", "value": 35}, {"source": "x570", "target": "2070s", "value": 21}, {"source": "x570", "target": "300", "value": 15}, {"source": "3200", "target": "2070s", "value": 32}, {"source": "3200", "target": "300", "value": 20}, {"source": "2070s", "target": "300", "value": 14}, {"source": "3700x", "target": "x570", "value": 30}, {"source": "3700x", "target": "3200", "value": 27}, {"source": "3700x", "target": "2070s", "value": 15}, {"source": "3700x", "target": "750", "value": 1}, {"source": "x570", "target": "3200", "value": 35}, {"source": "x570", "target": "2070s", "value": 21}, {"source": "x570", "target": "750", "value": 4}, {"source": "3200", "target": "2070s", "value": 32}, {"source": "3200", "target": "750", "value": 4}, {"source": "2070s", "target": "750", "value": 5}, {"source": "3700x", "target": "x570", "value": 30}, {"source": "3700x", "target": "3200", "value": 27}, {"source": "3700x", "target": "2070s", "value": 15}, {"source": "3700x", "target": "650", "value": 5}, {"source": "x570", "target": "3200", "value": 35}, {"source": "x570", "target": "2070s", "value": 21}, {"source": "x570", "target": "650", "value": 6}, {"source": "3200", "target": "2070s", "value": 32}, {"source": "3200", "target": "650", "value": 6}, {"source": "2070s", "target": "650", "value": 5}, {"source": "3600", "target": "x570", "value": 9}, {"source": "3600", "target": "3466", "value": 1}, {"source": "3600", "target": "2070s", "value": 20}, {"source": "3600", "target": "750", "value": 2}, {"source": "x570", "target": "3466", "value": 1}, {"source": "x570", "target": "2070s", "value": 21}, {"source": "x570", "target": "750", "value": 4}, {"source": "3466", "target": "2070s", "value": 1}, {"source": "3466", "target": "750", "value": 1}, {"source": "2070s", "target": "750", "value": 5}, {"source": "9700f", "target": "b360", "value": 2}, {"source": "9700f", "target": "2666", "value": 3}, {"source": "9700f", "target": "560", "value": 1}, {"source": "9700f", "target": "500", "value": 3}, {"source": "b360", "target": "2666", "value": 3}, {"source": "b360", "target": "560", "value": 1}, {"source": "b360", "target": "500", "value": 3}, {"source": "2666", "target": "560", "value": 1}, {"source": "2666", "target": "500", "value": 7}, {"source": "560", "target": "500", "value": 1}, {"source": "3600", "target": "b450", "value": 13}, {"source": "3600", "target": "2666", "value": 3}, {"source": "3600", "target": "710", "value": 4}, {"source": "3600", "target": "400", "value": 4}, {"source": "b450", "target": "2666", "value": 1}, {"source": "b450", "target": "710", "value": 1}, {"source": "b450", "target": "400", "value": 1}, {"source": "2666", "target": "710", "value": 2}, {"source": "2666", "target": "400", "value": 3}, {"source": "710", "target": "400", "value": 1}, {"source": "3700x", "target": "x570", "value": 30}, {"source": "3700x", "target": "3200", "value": 27}, {"source": "3700x", "target": "1660s", "value": 4}, {"source": "3700x", "target": "400", "value": 2}, {"source": "x570", "target": "3200", "value": 35}, {"source": "x570", "target": "1660s", "value": 4}, {"source": "x570", "target": "400", "value": 5}, {"source": "3200", "target": "1660s", "value": 6}, {"source": "3200", "target": "400", "value": 3}, {"source": "1660s", "target": "400", "value": 1}, {"source": "3700x", "target": "x570", "value": 30}, {"source": "3700x", "target": "3200", "value": 27}, {"source": "3700x", "target": "5700", "value": 2}, {"source": "3700x", "target": "300", "value": 14}, {"source": "x570", "target": "3200", "value": 35}, {"source": "x570", "target": "5700", "value": 2}, {"source": "x570", "target": "300", "value": 15}, {"source": "3200", "target": "5700", "value": 1}, {"source": "3200", "target": "300", "value": 20}, {"source": "5700", "target": "300", "value": 2}, {"source": "9400f", "target": "b360", "value": 1}, {"source": "9400f", "target": "3200", "value": 1}, {"source": "9400f", "target": "1660s", "value": 1}, {"source": "9400f", "target": "550", "value": 1}, {"source": "b360", "target": "3200", "value": 1}, {"source": "b360", "target": "1660s", "value": 1}, {"source": "b360", "target": "550", "value": 1}, {"source": "3200", "target": "1660s", "value": 6}, {"source": "3200", "target": "550", "value": 4}, {"source": "1660s", "target": "550", "value": 2}, {"source": "3700x", "target": "x570", "value": 30}, {"source": "3700x", "target": "3200", "value": 27}, {"source": "3700x", "target": "1660", "value": 3}, {"source": "3700x", "target": "550", "value": 2}, {"source": "x570", "target": "3200", "value": 35}, {"source": "x570", "target": "1660", "value": 3}, {"source": "x570", "target": "550", "value": 3}, {"source": "3200", "target": "1660", "value": 3}, {"source": "3200", "target": "550", "value": 4}, {"source": "1660", "target": "550", "value": 1}, {"source": "3700x", "target": "x570", "value": 30}, {"source": "3700x", "target": "3200", "value": 27}, {"source": "3700x", "target": "2070s", "value": 15}, {"source": "3700x", "target": "300", "value": 14}, {"source": "x570", "target": "3200", "value": 35}, {"source": "x570", "target": "2070s", "value": 21}, {"source": "x570", "target": "300", "value": 15}, {"source": "3200", "target": "2070s", "value": 32}, {"source": "3200", "target": "300", "value": 20}, {"source": "2070s", "target": "300", "value": 14}, {"source": "3600", "target": "b450", "value": 13}, {"source": "3600", "target": "none", "value": 6}, {"source": "3600", "target": "2060", "value": 3}, {"source": "3600", "target": "450", "value": 8}, {"source": "b450", "target": "none", "value": 2}, {"source": "b450", "target": "2060", "value": 3}, {"source": "b450", "target": "450", "value": 9}, {"source": "none", "target": "2060", "value": 1}, {"source": "none", "target": "450", "value": 1}, {"source": "2060", "target": "450", "value": 3}, {"source": "9500", "target": "b360", "value": 1}, {"source": "9500", "target": "2666", "value": 1}, {"source": "9500", "target": "2060", "value": 1}, {"source": "9500", "target": "500", "value": 1}, {"source": "b360", "target": "2666", "value": 3}, {"source": "b360", "target": "2060", "value": 1}, {"source": "b360", "target": "500", "value": 3}, {"source": "2666", "target": "2060", "value": 3}, {"source": "2666", "target": "500", "value": 7}, {"source": "2060", "target": "500", "value": 3}, {"source": "9700f", "target": "h370", "value": 1}, {"source": "9700f", "target": "2666", "value": 3}, {"source": "9700f", "target": "570", "value": 1}, {"source": "9700f", "target": "500", "value": 3}, {"source": "h370", "target": "2666", "value": 1}, {"source": "h370", "target": "570", "value": 1}, {"source": "h370", "target": "500", "value": 1}, {"source": "2666", "target": "570", "value": 1}, {"source": "2666", "target": "500", "value": 7}, {"source": "570", "target": "500", "value": 1}, {"source": "3700x", "target": "x570", "value": 30}, {"source": "3700x", "target": "3200", "value": 27}, {"source": "3700x", "target": "1660s", "value": 4}, {"source": "3700x", "target": "500", "value": 6}, {"source": "x570", "target": "3200", "value": 35}, {"source": "x570", "target": "1660s", "value": 4}, {"source": "x570", "target": "500", "value": 9}, {"source": "3200", "target": "1660s", "value": 6}, {"source": "3200", "target": "500", "value": 10}, {"source": "1660s", "target": "500", "value": 3}, {"source": "3600", "target": "x570", "value": 9}, {"source": "3600", "target": "3200", "value": 18}, {"source": "3600", "target": "2070s", "value": 20}, {"source": "3600", "target": "550", "value": 3}, {"source": "x570", "target": "3200", "value": 35}, {"source": "x570", "target": "2070s", "value": 21}, {"source": "x570", "target": "550", "value": 3}, {"source": "3200", "target": "2070s", "value": 32}, {"source": "3200", "target": "550", "value": 4}, {"source": "2070s", "target": "550", "value": 2}, {"source": "3700x", "target": "x570", "value": 30}, {"source": "3700x", "target": "3200", "value": 27}, {"source": "3700x", "target": "2070", "value": 2}, {"source": "3700x", "target": "400", "value": 2}, {"source": "x570", "target": "3200", "value": 35}, {"source": "x570", "target": "2070", "value": 3}, {"source": "x570", "target": "400", "value": 5}, {"source": "3200", "target": "2070", "value": 3}, {"source": "3200", "target": "400", "value": 3}, {"source": "2070", "target": "400", "value": 1}, {"source": "3700x", "target": "x570", "value": 30}, {"source": "3700x", "target": "3200", "value": 27}, {"source": "3700x", "target": "2070s", "value": 15}, {"source": "3700x", "target": "300", "value": 14}, {"source": "x570", "target": "3200", "value": 35}, {"source": "x570", "target": "2070s", "value": 21}, {"source": "x570", "target": "300", "value": 15}, {"source": "3200", "target": "2070s", "value": 32}, {"source": "3200", "target": "300", "value": 20}, {"source": "2070s", "target": "300", "value": 14}, {"source": "3700x", "target": "x570", "value": 30}, {"source": "3700x", "target": "3200", "value": 27}, {"source": "3700x", "target": "2070s", "value": 15}, {"source": "3700x", "target": "300", "value": 14}, {"source": "x570", "target": "3200", "value": 35}, {"source": "x570", "target": "2070s", "value": 21}, {"source": "x570", "target": "300", "value": 15}, {"source": "3200", "target": "2070s", "value": 32}, {"source": "3200", "target": "300", "value": 20}, {"source": "2070s", "target": "300", "value": 14}, {"source": "3600", "target": "x570", "value": 9}, {"source": "3600", "target": "none", "value": 6}, {"source": "3600", "target": "2070s", "value": 20}, {"source": "3600", "target": "400", "value": 4}, {"source": "x570", "target": "none", "value": 5}, {"source": "x570", "target": "2070s", "value": 21}, {"source": "x570", "target": "400", "value": 5}, {"source": "none", "target": "2070s", "value": 7}, {"source": "none", "target": "400", "value": 1}, {"source": "2070s", "target": "400", "value": 2}, {"source": "3600", "target": "b450", "value": 13}, {"source": "3600", "target": "3200", "value": 18}, {"source": "3600", "target": "2070s", "value": 20}, {"source": "3600", "target": "450", "value": 8}, {"source": "b450", "target": "3200", "value": 13}, {"source": "b450", "target": "2070s", "value": 9}, {"source": "b450", "target": "450", "value": 9}, {"source": "3200", "target": "2070s", "value": 32}, {"source": "3200", "target": "450", "value": 9}, {"source": "2070s", "target": "450", "value": 6}, {"source": "3600", "target": "b450", "value": 13}, {"source": "3600", "target": "3200", "value": 18}, {"source": "3600", "target": "2070s", "value": 20}, {"source": "3600", "target": "300", "value": 11}, {"source": "b450", "target": "3200", "value": 13}, {"source": "b450", "target": "2070s", "value": 9}, {"source": "b450", "target": "300", "value": 4}, {"source": "3200", "target": "2070s", "value": 32}, {"source": "3200", "target": "300", "value": 20}, {"source": "2070s", "target": "300", "value": 14}, {"source": "3900x", "target": "x570", "value": 5}, {"source": "3900x", "target": "3200", "value": 4}, {"source": "3900x", "target": "5700xt", "value": 2}, {"source": "3900x", "target": "700", "value": 1}, {"source": "x570", "target": "3200", "value": 35}, {"source": "x570", "target": "5700xt", "value": 2}, {"source": "x570", "target": "700", "value": 1}, {"source": "3200", "target": "5700xt", "value": 2}, {"source": "3200", "target": "700", "value": 1}, {"source": "5700xt", "target": "700", "value": 1}, {"source": "3600", "target": "b450", "value": 13}, {"source": "3600", "target": "3200", "value": 18}, {"source": "3600", "target": "2070s", "value": 20}, {"source": "3600", "target": "300", "value": 11}, {"source": "b450", "target": "3200", "value": 13}, {"source": "b450", "target": "2070s", "value": 9}, {"source": "b450", "target": "300", "value": 4}, {"source": "3200", "target": "2070s", "value": 32}, {"source": "3200", "target": "300", "value": 20}, {"source": "2070s", "target": "300", "value": 14}, {"source": "3700x", "target": "x570", "value": 30}, {"source": "3700x", "target": "3200", "value": 27}, {"source": "3700x", "target": "1660", "value": 3}, {"source": "3700x", "target": "500", "value": 6}, {"source": "x570", "target": "3200", "value": 35}, {"source": "x570", "target": "1660", "value": 3}, {"source": "x570", "target": "500", "value": 9}, {"source": "3200", "target": "1660", "value": 3}, {"source": "3200", "target": "500", "value": 10}, {"source": "1660", "target": "500", "value": 1}, {"source": "3700x", "target": "x570", "value": 30}, {"source": "3700x", "target": "3200", "value": 27}, {"source": "3700x", "target": "1660s", "value": 4}, {"source": "3700x", "target": "550", "value": 2}, {"source": "x570", "target": "3200", "value": 35}, {"source": "x570", "target": "1660s", "value": 4}, {"source": "x570", "target": "550", "value": 3}, {"source": "3200", "target": "1660s", "value": 6}, {"source": "3200", "target": "550", "value": 4}, {"source": "1660s", "target": "550", "value": 2}, {"source": "3700x", "target": "x570", "value": 30}, {"source": "3700x", "target": "none", "value": 2}, {"source": "3700x", "target": "沿用", "value": 3}, {"source": "3700x", "target": "300", "value": 14}, {"source": "x570", "target": "none", "value": 5}, {"source": "x570", "target": "沿用", "value": 4}, {"source": "x570", "target": "300", "value": 15}, {"source": "none", "target": "沿用", "value": 1}, {"source": "none", "target": "300", "value": 1}, {"source": "沿用", "target": "300", "value": 2}, {"source": "3700x", "target": "b450", "value": 1}, {"source": "3700x", "target": "3200", "value": 27}, {"source": "3700x", "target": "2060s", "value": 1}, {"source": "3700x", "target": "350", "value": 1}, {"source": "b450", "target": "3200", "value": 13}, {"source": "b450", "target": "2060s", "value": 1}, {"source": "b450", "target": "350", "value": 2}, {"source": "3200", "target": "2060s", "value": 1}, {"source": "3200", "target": "350", "value": 1}, {"source": "2060s", "target": "350", "value": 1}, {"source": "3500x", "target": "b450", "value": 2}, {"source": "3500x", "target": "3200", "value": 4}, {"source": "3500x", "target": "2060", "value": 3}, {"source": "3500x", "target": "450", "value": 2}, {"source": "b450", "target": "3200", "value": 13}, {"source": "b450", "target": "2060", "value": 3}, {"source": "b450", "target": "450", "value": 9}, {"source": "3200", "target": "2060", "value": 4}, {"source": "3200", "target": "450", "value": 9}, {"source": "2060", "target": "450", "value": 3}, {"source": "3700x", "target": "x570", "value": 30}, {"source": "3700x", "target": "3200", "value": 27}, {"source": "3700x", "target": "2070s", "value": 15}, {"source": "3700x", "target": "300", "value": 14}, {"source": "x570", "target": "3200", "value": 35}, {"source": "x570", "target": "2070s", "value": 21}, {"source": "x570", "target": "300", "value": 15}, {"source": "3200", "target": "2070s", "value": 32}, {"source": "3200", "target": "300", "value": 20}, {"source": "2070s", "target": "300", "value": 14}, {"source": "3600", "target": "x570", "value": 9}, {"source": "3600", "target": "3200", "value": 18}, {"source": "3600", "target": "沿用", "value": 1}, {"source": "3600", "target": "300", "value": 11}, {"source": "x570", "target": "3200", "value": 35}, {"source": "x570", "target": "沿用", "value": 4}, {"source": "x570", "target": "300", "value": 15}, {"source": "3200", "target": "沿用", "value": 2}, {"source": "3200", "target": "300", "value": 20}, {"source": "沿用", "target": "300", "value": 2}, {"source": "3500x", "target": "x570", "value": 1}, {"source": "3500x", "target": "3200", "value": 4}, {"source": "3500x", "target": "2060", "value": 3}, {"source": "3500x", "target": "500", "value": 2}, {"source": "x570", "target": "3200", "value": 35}, {"source": "x570", "target": "2060", "value": 2}, {"source": "x570", "target": "500", "value": 9}, {"source": "3200", "target": "2060", "value": 4}, {"source": "3200", "target": "500", "value": 10}, {"source": "2060", "target": "500", "value": 3}, {"source": "3600", "target": "b450", "value": 13}, {"source": "3600", "target": "none", "value": 6}, {"source": "3600", "target": "2080", "value": 1}, {"source": "3600", "target": "350", "value": 1}, {"source": "b450", "target": "none", "value": 2}, {"source": "b450", "target": "2080", "value": 1}, {"source": "b450", "target": "350", "value": 2}, {"source": "none", "target": "2080", "value": 1}, {"source": "none", "target": "350", "value": 1}, {"source": "2080", "target": "350", "value": 1}, {"source": "9700f", "target": "z390", "value": 2}, {"source": "9700f", "target": "3600", "value": 1}, {"source": "9700f", "target": "2060", "value": 1}, {"source": "9700f", "target": "300", "value": 1}, {"source": "z390", "target": "3600", "value": 1}, {"source": "z390", "target": "2060", "value": 1}, {"source": "z390", "target": "300", "value": 1}, {"source": "3600", "target": "2060", "value": 3}, {"source": "3600", "target": "300", "value": 11}, {"source": "2060", "target": "300", "value": 1}, {"source": "3500x", "target": "b450", "value": 2}, {"source": "3500x", "target": "3200", "value": 4}, {"source": "3500x", "target": "2060", "value": 3}, {"source": "3500x", "target": "450", "value": 2}, {"source": "b450", "target": "3200", "value": 13}, {"source": "b450", "target": "2060", "value": 3}, {"source": "b450", "target": "450", "value": 9}, {"source": "3200", "target": "2060", "value": 4}, {"source": "3200", "target": "450", "value": 9}, {"source": "2060", "target": "450", "value": 3}, {"source": "3600", "target": "b450", "value": 13}, {"source": "3600", "target": "3200", "value": 18}, {"source": "3600", "target": "2070s", "value": 20}, {"source": "3600", "target": "450", "value": 8}, {"source": "b450", "target": "3200", "value": 13}, {"source": "b450", "target": "2070s", "value": 9}, {"source": "b450", "target": "450", "value": 9}, {"source": "3200", "target": "2070s", "value": 32}, {"source": "3200", "target": "450", "value": 9}, {"source": "2070s", "target": "450", "value": 6}, {"source": "3600", "target": "b450", "value": 13}, {"source": "3600", "target": "3200", "value": 18}, {"source": "3600", "target": "2070s", "value": 20}, {"source": "3600", "target": "450", "value": 8}, {"source": "b450", "target": "3200", "value": 13}, {"source": "b450", "target": "2070s", "value": 9}, {"source": "b450", "target": "450", "value": 9}, {"source": "3200", "target": "2070s", "value": 32}, {"source": "3200", "target": "450", "value": 9}, {"source": "2070s", "target": "450", "value": 6}, {"source": "3600", "target": "hairvihero", "value": 4}, {"source": "3600", "target": "2666", "value": 3}, {"source": "3600", "target": "710", "value": 4}, {"source": "3600", "target": "500", "value": 3}, {"source": "hairvihero", "target": "2666", "value": 1}, {"source": "hairvihero", "target": "710", "value": 1}, {"source": "hairvihero", "target": "500", "value": 4}, {"source": "2666", "target": "710", "value": 2}, {"source": "2666", "target": "500", "value": 7}, {"source": "710", "target": "500", "value": 1}, {"source": "3900x", "target": "x570", "value": 5}, {"source": "3900x", "target": "2666", "value": 1}, {"source": "3900x", "target": "2070s", "value": 2}, {"source": "3900x", "target": "500", "value": 2}, {"source": "x570", "target": "2666", "value": 3}, {"source": "x570", "target": "2070s", "value": 21}, {"source": "x570", "target": "500", "value": 9}, {"source": "2666", "target": "2070s", "value": 3}, {"source": "2666", "target": "500", "value": 7}, {"source": "2070s", "target": "500", "value": 4}, {"source": "9700", "target": "z390", "value": 1}, {"source": "9700", "target": "3200", "value": 1}, {"source": "9700", "target": "2070s", "value": 1}, {"source": "9700", "target": "750", "value": 1}, {"source": "z390", "target": "3200", "value": 2}, {"source": "z390", "target": "2070s", "value": 2}, {"source": "z390", "target": "750", "value": 1}, {"source": "3200", "target": "2070s", "value": 32}, {"source": "3200", "target": "750", "value": 4}, {"source": "2070s", "target": "750", "value": 5}, {"source": "3600", "target": "hairvihero", "value": 4}, {"source": "3600", "target": "3200", "value": 18}, {"source": "3600", "target": "2070s", "value": 20}, {"source": "3600", "target": "300", "value": 11}, {"source": "hairvihero", "target": "3200", "value": 5}, {"source": "hairvihero", "target": "2070s", "value": 4}, {"source": "hairvihero", "target": "300", "value": 2}, {"source": "3200", "target": "2070s", "value": 32}, {"source": "3200", "target": "300", "value": 20}, {"source": "2070s", "target": "300", "value": 14}, {"source": "3600", "target": "x470", "value": 1}, {"source": "3600", "target": "3600", "value": 3}, {"source": "3600", "target": "1660s", "value": 2}, {"source": "3600", "target": "300", "value": 11}, {"source": "x470", "target": "3600", "value": 1}, {"source": "x470", "target": "1660s", "value": 1}, {"source": "x470", "target": "300", "value": 1}, {"source": "3600", "target": "1660s", "value": 2}, {"source": "3600", "target": "300", "value": 11}, {"source": "1660s", "target": "300", "value": 1}, {"source": "3600", "target": "hairvihero", "value": 4}, {"source": "3600", "target": "3200", "value": 18}, {"source": "3600", "target": "2070s", "value": 20}, {"source": "3600", "target": "500", "value": 3}, {"source": "hairvihero", "target": "3200", "value": 5}, {"source": "hairvihero", "target": "2070s", "value": 4}, {"source": "hairvihero", "target": "500", "value": 4}, {"source": "3200", "target": "2070s", "value": 32}, {"source": "3200", "target": "500", "value": 10}, {"source": "2070s", "target": "500", "value": 4}, {"source": "3700x", "target": "x570", "value": 30}, {"source": "3700x", "target": "3600", "value": 2}, {"source": "3700x", "target": "5700", "value": 2}, {"source": "3700x", "target": "300", "value": 14}, {"source": "x570", "target": "3600", "value": 2}, {"source": "x570", "target": "5700", "value": 2}, {"source": "x570", "target": "300", "value": 15}, {"source": "3600", "target": "5700", "value": 1}, {"source": "3600", "target": "300", "value": 11}, {"source": "5700", "target": "300", "value": 2}, {"source": "3600", "target": "none", "value": 6}, {"source": "3600", "target": "3600", "value": 3}, {"source": "3600", "target": "2070s", "value": 20}, {"source": "3600", "target": "550", "value": 3}, {"source": "none", "target": "3600", "value": 1}, {"source": "none", "target": "2070s", "value": 7}, {"source": "none", "target": "550", "value": 1}, {"source": "3600", "target": "2070s", "value": 20}, {"source": "3600", "target": "550", "value": 3}, {"source": "2070s", "target": "550", "value": 2}, {"source": "3500x", "target": "hairvihero", "value": 1}, {"source": "3500x", "target": "3200", "value": 4}, {"source": "3500x", "target": "1660s", "value": 1}, {"source": "3500x", "target": "500", "value": 2}, {"source": "hairvihero", "target": "3200", "value": 5}, {"source": "hairvihero", "target": "1660s", "value": 1}, {"source": "hairvihero", "target": "500", "value": 4}, {"source": "3200", "target": "1660s", "value": 6}, {"source": "3200", "target": "500", "value": 10}, {"source": "1660s", "target": "500", "value": 3}, {"source": "none", "target": "none", "value": 2}, {"source": "none", "target": "3200", "value": 2}, {"source": "none", "target": "2070s", "value": 7}, {"source": "none", "target": "750", "value": 3}, {"source": "none", "target": "3200", "value": 2}, {"source": "none", "target": "2070s", "value": 7}, {"source": "none", "target": "750", "value": 3}, {"source": "3200", "target": "2070s", "value": 32}, {"source": "3200", "target": "750", "value": 4}, {"source": "2070s", "target": "750", "value": 5}, {"source": "3600", "target": "x570", "value": 9}, {"source": "3600", "target": "2666", "value": 3}, {"source": "3600", "target": "2060", "value": 3}, {"source": "3600", "target": "400", "value": 4}, {"source": "x570", "target": "2666", "value": 3}, {"source": "x570", "target": "2060", "value": 2}, {"source": "x570", "target": "400", "value": 5}, {"source": "2666", "target": "2060", "value": 3}, {"source": "2666", "target": "400", "value": 3}, {"source": "2060", "target": "400", "value": 2}, {"source": "3700x", "target": "x570", "value": 30}, {"source": "3700x", "target": "2666", "value": 1}, {"source": "3700x", "target": "沿用", "value": 3}, {"source": "3700x", "target": "500", "value": 6}, {"source": "x570", "target": "2666", "value": 3}, {"source": "x570", "target": "沿用", "value": 4}, {"source": "x570", "target": "500", "value": 9}, {"source": "2666", "target": "沿用", "value": 1}, {"source": "2666", "target": "500", "value": 7}, {"source": "沿用", "target": "500", "value": 1}, {"source": "none", "target": "none", "value": 2}, {"source": "none", "target": "2666", "value": 2}, {"source": "none", "target": "2070s", "value": 7}, {"source": "none", "target": "650", "value": 2}, {"source": "none", "target": "2666", "value": 2}, {"source": "none", "target": "2070s", "value": 7}, {"source": "none", "target": "650", "value": 2}, {"source": "2666", "target": "2070s", "value": 3}, {"source": "2666", "target": "650", "value": 1}, {"source": "2070s", "target": "650", "value": 5}, {"source": "3600", "target": "z490", "value": 1}, {"source": "3600", "target": "3600", "value": 3}, {"source": "3600", "target": "710", "value": 4}, {"source": "3600", "target": "600", "value": 3}, {"source": "z490", "target": "3600", "value": 1}, {"source": "z490", "target": "710", "value": 1}, {"source": "z490", "target": "600", "value": 1}, {"source": "3600", "target": "710", "value": 4}, {"source": "3600", "target": "600", "value": 3}, {"source": "710", "target": "600", "value": 1}, {"source": "3900x", "target": "x570", "value": 5}, {"source": "3900x", "target": "3200", "value": 4}, {"source": "3900x", "target": "2070s", "value": 2}, {"source": "3900x", "target": "650", "value": 1}, {"source": "x570", "target": "3200", "value": 35}, {"source": "x570", "target": "2070s", "value": 21}, {"source": "x570", "target": "650", "value": 6}, {"source": "3200", "target": "2070s", "value": 32}, {"source": "3200", "target": "650", "value": 6}, {"source": "2070s", "target": "650", "value": 5}, {"source": "3700x", "target": "x570", "value": 30}, {"source": "3700x", "target": "3600", "value": 2}, {"source": "3700x", "target": "2070s", "value": 15}, {"source": "3700x", "target": "600", "value": 1}, {"source": "x570", "target": "3600", "value": 2}, {"source": "x570", "target": "2070s", "value": 21}, {"source": "x570", "target": "600", "value": 1}, {"source": "3600", "target": "2070s", "value": 20}, {"source": "3600", "target": "600", "value": 3}, {"source": "2070s", "target": "600", "value": 2}]}